Species,Colony,DEPTH,SITE,Spec_depth,File,Time,DATE,TIME,fv_fm,Sigma,p,Pmax,Prevalence,of_HC,of_live,of_total,Size_anot
Leptoseris,39,25,IUI_S,Leptoseris_25,20220712.15,N,12_07_2022,35489,0.4416,552.74,0.096,238.02,22,1.159725883,0.7222587,0.390625,1
Leptoseris,158,25,IUI_N,Leptoseris_25,20220713.34,AM,13_07_2022,50934,0.4784,515.14,0.15,158.82,22,1.159725883,0.7222587,0.390625,1
Leptoseris,162,25,IUI_N,Leptoseris_25,20220713.36,AM,13_07_2022,51310,0.3976,563.36,0.116,126.3,22,1.159725883,0.7222587,0.390625,1
Leptoseris,163,25,IUI_N,Leptoseris_25,20220713.36,AM,13_07_2022,51426,0.492,552.92,0.218,111.64,22,1.159725883,0.7222587,0.390625,1
Leptoseris,164,25,IUI_N,Leptoseris_25,20220713.37,AM,13_07_2022,51614,0.4156,730.22,0.232,183.86,22,1.159725883,0.7222587,0.390625,1
Leptoseris,187,25,JG,Leptoseris_25,20220714.12,PM,14_07_2022,46722,0.4304,436.76,0.024,177.02,22,1.159725883,0.7222587,0.390625,1
Leptoseris,197,25,JG,Leptoseris_25,20220714.17,PM,14_07_2022,47799,0.4584,503.04,0.048,144,22,1.159725883,0.7222587,0.390625,1
Leptoseris,217,35,JG,Leptoseris_35,20220715.03,AM,15_07_2022,23516,0.4828,566.98,0.25,88.1,62,3.32261522,2.647309991,1.041666667,2
Leptoseris,218,35,JG,Leptoseris_35,20220715.03,AM,15_07_2022,23562,0.4844,545.76,0.214,85.84,62,3.32261522,2.647309991,1.041666667,2
Leptoseris,220,35,JG,Leptoseris_35,20220715.04,AM,15_07_2022,23725,0.4646,421.54,0.046,72.56,62,3.32261522,2.647309991,1.041666667,2
Leptoseris,224,35,JG,Leptoseris_35,20220715.06,AM,15_07_2022,24039,0.4914,531.54,0.146,73,62,3.32261522,2.647309991,1.041666667,2
Leptoseris,225,35,JG,Leptoseris_35,20220715.07,AM,15_07_2022,24095,0.4904,535.7,0.26,71.54,62,3.32261522,2.647309991,1.041666667,2
Leptoseris,230,35,JG,Leptoseris_35,20220715.09,AM,15_07_2022,24447,0.4998,540.92,0.128,112.58,62,3.32261522,2.647309991,1.041666667,2
Leptoseris,231,35,JG,Leptoseris_35,20220715.1,AM,15_07_2022,24520,0.4836,530.84,0.176,80.3,62,3.32261522,2.647309991,1.041666667,2
Leptoseris,12,45,IUI_S,Leptoseris_45,20220712.06,N,12_07_2022,33794,0.343,366.94,0.014,117.06,69,3.326904532,2.854778651,1.134868421,3
Leptoseris,13,45,IUI_S,Leptoseris_45,20220712.07,N,12_07_2022,33862,0.3622,455.28,0.118,87.98,69,3.326904532,2.854778651,1.134868421,3
Leptoseris,14,45,IUI_S,Leptoseris_45,20220712.07,N,12_07_2022,33943,0.385,500.06,0.058,112.26,69,3.326904532,2.854778651,1.134868421,3
Leptoseris,15,45,IUI_S,Leptoseris_45,20220712.08,N,12_07_2022,34055,0.3044,578.98,0.088,138.06,69,3.326904532,2.854778651,1.134868421,3
Leptoseris,16,45,IUI_S,Leptoseris_45,20220712.08,N,12_07_2022,34107,0.3646,448.36,0.042,115.84,69,3.326904532,2.854778651,1.134868421,3
Leptoseris,17,45,IUI_S,Leptoseris_45,20220712.09,N,12_07_2022,34197,0.285,365.94,0.006,125.82,69,3.326904532,2.854778651,1.134868421,3
Leptoseris,20,45,IUI_S,Leptoseris_45,20220712.1,N,12_07_2022,34394,0.4112,392.38,0.08,104.96,69,3.326904532,2.854778651,1.134868421,3
Leptoseris,140,45,IUI_N,Leptoseris_45,20220713.24,AM,13_07_2022,48615,0.2065,753.744,,240.625,69,3.326904532,2.854778651,1.134868421,3
Leptoseris,142,45,IUI_N,Leptoseris_45,20220713.25,AM,13_07_2022,48854,0.2996,586.42,0.104,188.1,69,3.326904532,2.854778651,1.134868421,3
Leptoseris,143,45,IUI_N,Leptoseris_45,20220713.26,AM,13_07_2022,48972,0.2736,574.5,0.082,163,69,3.326904532,2.854778651,1.134868421,3
Leptoseris,144,45,IUI_N,Leptoseris_45,20220713.26,AM,13_07_2022,49119,0.2406,635.94,0.16,235.96,69,3.326904532,2.854778651,1.134868421,3
Leptoseris,145,45,IUI_N,Leptoseris_45,20220713.27,AM,13_07_2022,49217,0.3365,559.35,,220.25,69,3.326904532,2.854778651,1.134868421,3
Leptoseris,166,45,JG,Leptoseris_45,20220714.01,PM,14_07_2022,44711,0.3982,416.78,0.014,95.88,69,3.326904532,2.854778651,1.134868421,3
Leptoseris,171,45,JG,Leptoseris_45,20220714.04,PM,14_07_2022,45054,0.4132,487.04,0.03,117.56,69,3.326904532,2.854778651,1.134868421,3
Leptoseris,172,45,JG,Leptoseris_45,20220714.04,PM,14_07_2022,45123,0.3948,535.94,0.026,177.44,69,3.326904532,2.854778651,1.134868421,3
Leptoseris,173,45,JG,Leptoseris_45,20220714.05,PM,14_07_2022,45193,0.4056,396.66,0.03,132.66,69,3.326904532,2.854778651,1.134868421,3
Leptoseris,176,45,JG,Leptoseris_45,20220714.06,PM,14_07_2022,45409,0.4528,576.92,0.198,80.66,69,3.326904532,2.854778651,1.134868421,3
Leptoseris,181,45,JG,Leptoseris_45,20220714.09,PM,14_07_2022,45869,0.391,409.36,0,113.74,69,3.326904532,2.854778651,1.134868421,3
Pocillopora,43,25,IUI_S,Pocillopora_25,20220712.17,N,12_07_2022,35944,0.4044,276.02,0.044,178.06,3,0.158144439,0.098489823,0.053267045,1
Pocillopora,44,25,IUI_S,Pocillopora_25,20220712.17,N,12_07_2022,36039,0.4394,322.14,0.07,118.86,3,0.158144439,0.098489823,0.053267045,1
Pocillopora,45,25,IUI_S,Pocillopora_25,20220712.18,N,12_07_2022,36111,0.4034,365.32,0.012,216.52,3,0.158144439,0.098489823,0.053267045,1
Pocillopora,47,5,IUI_S,Pocillopora_5,20220712.19,N,12_07_2022,37119,0.4182,357.48,0.102,219.16,52,5.210420842,2.919708029,0.923295455,3
Pocillopora,48,5,IUI_S,Pocillopora_5,20220712.19,N,12_07_2022,37260,0.3674,311.04,0.088,223.76,52,5.210420842,2.919708029,0.923295455,3
Pocillopora,54,5,IUI_S,Pocillopora_5,20220712.22,N,12_07_2022,38370,0.3672,351.58,0.046,210.28,52,5.210420842,2.919708029,0.923295455,3
Pocillopora,56,5,IUI_S,Pocillopora_5,20220712.23,N,12_07_2022,38585,0.366,381.36,0.106,223.3,52,5.210420842,2.919708029,0.923295455,3
Pocillopora,57,5,IUI_S,Pocillopora_5,20220712.24,N,12_07_2022,38650,0.4124,383.64,0.158,182.62,52,5.210420842,2.919708029,0.923295455,3
Pocillopora,72,15,IUI_S,Pocillopora_15,20220712.31,PM,12_07_2022,49493,0.4516,328.16,0.078,102.68,44,4.334975369,2.331743508,0.6875,2
Pocillopora,76,15,IUI_S,Pocillopora_15,20220712.33,PM,12_07_2022,49866,0.4194,376.22,0.132,156.04,44,4.334975369,2.331743508,0.6875,2
Pocillopora,77,15,IUI_S,Pocillopora_15,20220712.34,PM,12_07_2022,49960,0.441,328.72,0.154,134.74,44,4.334975369,2.331743508,0.6875,2
Pocillopora,80,15,IUI_S,Pocillopora_15,20220712.36,PM,12_07_2022,50396,0.438,370.18,0.196,110.62,44,4.334975369,2.331743508,0.6875,2
Pocillopora,83,15,IUI_S,Pocillopora_15,20220712.37,PM,12_07_2022,50658,0.4588,365.24,0.086,137.06,44,4.334975369,2.331743508,0.6875,2
Pocillopora,89,5,IUI_S,Pocillopora_5,20220712.4,PM,12_07_2022,51483,0.4546,373.88,0.142,171.54,52,5.210420842,2.919708029,0.923295455,3
Pocillopora,90,5,IUI_S,Pocillopora_5,20220712.41,PM,12_07_2022,51581,0.3652,282,0.164,204.1,52,5.210420842,2.919708029,0.923295455,3
Pocillopora,91,5,IUI_S,Pocillopora_5,20220712.41,PM,12_07_2022,51674,0.404,291,0.082,279.98,52,5.210420842,2.919708029,0.923295455,3
Pocillopora,92,5,IUI_S,Pocillopora_5,20220712.42,PM,12_07_2022,51795,0.4295,354.1,0.146666667,146.0166667,52,5.210420842,2.919708029,0.923295455,3
Pocillopora,104,15,IUI_N,Pocillopora_15,20220713.06,N,13_07_2022,42287,0.4608,372.56,0.192,156,44,4.334975369,2.331743508,0.6875,2
Pocillopora,105,15,IUI_N,Pocillopora_15,20220713.06,N,13_07_2022,42376,0.4246,363.5,0.162,277.08,44,4.334975369,2.331743508,0.6875,2
Pocillopora,106,15,IUI_N,Pocillopora_15,20220713.07,N,13_07_2022,42469,0.3912,289.68,0.148,176,44,4.334975369,2.331743508,0.6875,2
Pocillopora,107,15,IUI_N,Pocillopora_15,20220713.07,N,13_07_2022,42544,0.377,299.52,0.256,292.66,44,4.334975369,2.331743508,0.6875,2
Pocillopora,108,15,IUI_N,Pocillopora_15,20220713.08,N,13_07_2022,42633,0.3712,281.82,0.28,263.36,44,4.334975369,2.331743508,0.6875,2
Pocillopora,124,5,IUI_N,Pocillopora_5,20220713.16,N,13_07_2022,44341,0.3925,358.7166667,0.191666667,172.0833333,52,5.210420842,2.919708029,0.923295455,3
Pocillopora,125,5,IUI_N,Pocillopora_5,20220713.17,N,13_07_2022,44396,0.3622,248.6,0.162,221.84,52,5.210420842,2.919708029,0.923295455,3
Pocillopora,126,5,IUI_N,Pocillopora_5,20220713.17,N,13_07_2022,44474,0.4098,384.9,0.062,168.02,52,5.210420842,2.919708029,0.923295455,3
Pocillopora,127,5,IUI_N,Pocillopora_5,20220713.18,N,13_07_2022,44572,0.3746,337.62,0.17,170.9,52,5.210420842,2.919708029,0.923295455,3
Pocillopora,128,5,IUI_N,Pocillopora_5,20220713.18,N,13_07_2022,44669,0.3424,281.02,0.094,209.14,52,5.210420842,2.919708029,0.923295455,3
Pocillopora,186,25,JG,Pocillopora_25,20220714.11,PM,14_07_2022,46658,0.4404,314.32,0.046,143.28,3,0.158144439,0.098489823,0.053267045,1
Pocillopora,191,25,JG,Pocillopora_25,20220714.14,PM,14_07_2022,47116,0.4056,370.86,0.1,176.52,3,0.158144439,0.098489823,0.053267045,1
Pocillopora,196,25,JG,Pocillopora_25,20220714.16,PM,14_07_2022,47585,0.4208,365.08,0.028,207.56,3,0.158144439,0.098489823,0.053267045,1
Pocillopora,198,5,JG,Pocillopora_5,20220714.17,PM,14_07_2022,48560,0.387,417.46,0.12,370.42,52,5.210420842,2.919708029,0.923295455,3
Pocillopora,199,5,JG,Pocillopora_5,20220714.18,PM,14_07_2022,48675,0.458,446.02,0.058,219.2,52,5.210420842,2.919708029,0.923295455,3
Pocillopora,201,5,JG,Pocillopora_5,20220714.19,PM,14_07_2022,49095,0.4474,461.3,0.072,267.1,52,5.210420842,2.919708029,0.923295455,3
Pocillopora,202,5,JG,Pocillopora_5,20220714.19,PM,14_07_2022,49209,0.444,389.6,0.088,260.88,52,5.210420842,2.919708029,0.923295455,3
Pocillopora,204,5,JG,Pocillopora_5,20220714.2,PM,14_07_2022,49416,0.4434,435.5,0.076,166.56,52,5.210420842,2.919708029,0.923295455,3
Pocillopora,232,15,JG,Pocillopora_15,20220715.1,AM,15_07_2022,24938,0.4544,381.42,0.078,187.36,44,4.334975369,2.331743508,0.6875,2
Pocillopora,234,15,JG,Pocillopora_15,20220715.11,AM,15_07_2022,25096,0.4858,363.38,0.102,155.76,44,4.334975369,2.331743508,0.6875,2
Pocillopora,235,15,JG,Pocillopora_15,20220715.12,AM,15_07_2022,25168,0.4856,383.9,0.104,143.36,44,4.334975369,2.331743508,0.6875,2
Pocillopora,238,15,JG,Pocillopora_15,20220715.13,AM,15_07_2022,25446,0.488,333.18,0.08,192.4,44,4.334975369,2.331743508,0.6875,2
Pocillopora,241,15,JG,Pocillopora_15,20220715.15,AM,15_07_2022,25769,0.4818,459.06,0.164,194.24,44,4.334975369,2.331743508,0.6875,2
,,,,,,,,,,,,,,,,,
Porites,1,45,IUI_S,Porites_45,20220712.01,N,12_07_2022,32942,0.4588,424.46,0.058,186.88,60,2.892960463,2.482416218,0.986842105,2
Porites,2,45,IUI_S,Porites_45,20220712.01,N,12_07_2022,33003,0.4344,497.54,0.074,114.78,60,2.892960463,2.482416218,0.986842105,2
Porites,3,45,IUI_S,Porites_45,20220712.02,N,12_07_2022,33072,0.4546,471.08,0.028,156.46,60,2.892960463,2.482416218,0.986842105,2
Porites,4,45,IUI_S,Porites_45,20220712.02,N,12_07_2022,33136,0.4096,618.18,0.164,270.3,60,2.892960463,2.482416218,0.986842105,2
Porites,5,45,IUI_S,Porites_45,20220712.03,N,12_07_2022,33207,0.4712,493.94,0.036,163.5,60,2.892960463,2.482416218,0.986842105,2
Porites,6,45,IUI_S,Porites_45,20220712.03,N,12_07_2022,33272,0.4612,488.48,0.12,190.18,60,2.892960463,2.482416218,0.986842105,2
Porites,7,45,IUI_S,Porites_45,20220712.04,N,12_07_2022,33340,0.3834,523.82,0.094,239.3,60,2.892960463,2.482416218,0.986842105,2
Porites,36,25,IUI_S,Porites_25,20220712.13,N,12_07_2022,35230,0.3418,546.26,0.172,176.1,156,8.223510807,5.121470781,2.769886364,4
Porites,37,25,IUI_S,Porites_25,20220712.14,N,12_07_2022,35311,0.4414,553.3,0.052,257.28,156,8.223510807,5.121470781,2.769886364,4
Porites,38,25,IUI_S,Porites_25,20220712.14,N,12_07_2022,35405,0.3282,510.34,0.062,129.98,156,8.223510807,5.121470781,2.769886364,4
Porites,40,25,IUI_S,Porites_25,20220712.15,N,12_07_2022,35617,0.343,471.82,0.122,137.44,156,8.223510807,5.121470781,2.769886364,4
Porites,41,25,IUI_S,Porites_25,20220712.16,N,12_07_2022,35699,0.2948,338.76,0.018,119.04,156,8.223510807,5.121470781,2.769886364,4
Porites,42,25,IUI_S,Porites_25,20220712.16,N,12_07_2022,35870,0.4052,416.14,0.074,170.84,156,8.223510807,5.121470781,2.769886364,4
Porites,49,5,IUI_S,Porites_5,20220712.2,N,12_07_2022,37535,0.235,352.4,0.128,1047.6,6,0.601202405,0.336889388,0.106534091,1
Porites,50,5,IUI_S,Porites_5,20220712.2,N,12_07_2022,37782,0.3626,644.02,0.23,283.74,6,0.601202405,0.336889388,0.106534091,1
Porites,59,5,IUI_S,Porites_5,20220712.25,N,12_07_2022,38956,0.20825,448.925,0.015,187.94,6,0.601202405,0.336889388,0.106534091,1
Porites,60,35,IUI_S,Porites_35,20220712.25,PM,12_07_2022,47866,0.412,493.66,0.138,135,180,9.646302251,7.685738685,3.024193548,5
Porites,61,35,IUI_S,Porites_35,20220712.26,PM,12_07_2022,47959,0.4498,426.78,0.076,87.74,180,9.646302251,7.685738685,3.024193548,5
Porites,62,35,IUI_S,Porites_35,20220712.26,PM,12_07_2022,48031,0.2982,666.48,0.262,209.84,180,9.646302251,7.685738685,3.024193548,5
Porites,73,15,IUI_S,Porites_15,20220712.32,PM,12_07_2022,49573,0.23625,901.1,0.3675,170.55,68,6.699507389,3.603603604,1.0625,3
Porites,74,15,IUI_S,Porites_15,20220712.32,PM,12_07_2022,49665,0.4694,485.02,0.18,176.8,68,6.699507389,3.603603604,1.0625,3
Porites,75,15,IUI_S,Porites_15,20220712.33,PM,12_07_2022,49767,0.2548,1122,0.37,282.22,68,6.699507389,3.603603604,1.0625,3
Porites,81,15,IUI_S,Porites_15,20220712.36,PM,12_07_2022,50468,0.3188,760.88,0.324,174.08,68,6.699507389,3.603603604,1.0625,3
Porites,82,15,IUI_S,Porites_15,20220712.37,PM,12_07_2022,50562,0.2498,957.82,0.374,358.54,68,6.699507389,3.603603604,1.0625,3
Porites,94,35,IUI_N,Porites_35,20220713.01,N,13_07_2022,40986,0.4136,449.64,0.134,140.28,180,9.646302251,7.685738685,3.024193548,5
Porites,95,35,IUI_N,Porites_35,20220713.01,N,13_07_2022,41092,0.433,430.12,0.142,116.54,180,9.646302251,7.685738685,3.024193548,5
Porites,96,35,IUI_N,Porites_35,20220713.02,N,13_07_2022,41156,0.4116,555.62,0.106,223.52,180,9.646302251,7.685738685,3.024193548,5
Porites,97,35,IUI_N,Porites_35,20220713.02,N,13_07_2022,41226,0.397,542.86,0.156,205.06,180,9.646302251,7.685738685,3.024193548,5
Porites,98,35,IUI_N,Porites_35,20220713.03,N,13_07_2022,41309,0.443,523.42,0.096,171,180,9.646302251,7.685738685,3.024193548,5
Porites,114,15,IUI_N,Porites_15,20220713.11,N,13_07_2022,43259,0.3744,435.18,0.118,173.1,68,6.699507389,3.603603604,1.0625,3
Porites,115,15,IUI_N,Porites_15,20220713.11,N,13_07_2022,43335,0.3272,383.14,0.064,178.56,68,6.699507389,3.603603604,1.0625,3
Porites,116,15,IUI_N,Porites_15,20220713.12,N,13_07_2022,43425,0.3364,431.28,0.068,151.54,68,6.699507389,3.603603604,1.0625,3
Porites,118,15,IUI_N,Porites_15,20220713.13,N,13_07_2022,43602,0.2206,309.42,0.02,181.56,68,6.699507389,3.603603604,1.0625,3
Porites,129,5,IUI_N,Porites_5,20220713.19,N,13_07_2022,44736,0.3828,691.9,0.238,227.2,6,0.601202405,0.336889388,0.106534091,1
Porites,130,5,IUI_N,Porites_5,20220713.19,N,13_07_2022,44893,0.2096,395.52,0.104,278.54,6,0.601202405,0.336889388,0.106534091,1
Porites,131,5,IUI_N,Porites_5,20220713.2,N,13_07_2022,44962,0.1916,291.2,0.026,1354.94,6,0.601202405,0.336889388,0.106534091,1
Porites,132,5,IUI_N,Porites_5,20220713.2,N,13_07_2022,45056,0.3254,320.98,0.1,261.34,6,0.601202405,0.336889388,0.106534091,1
Porites,133,5,IUI_N,Porites_5,20220713.21,N,13_07_2022,45238,0.3576,697.06,0.192,251.66,6,0.601202405,0.336889388,0.106534091,1
Porites,134,45,IUI_N,Porites_45,20220713.21,AM,13_07_2022,48171,0.4546,504.64,0.158,354.1,60,2.892960463,2.482416218,0.986842105,2
Porites,135,45,IUI_N,Porites_45,20220713.22,AM,13_07_2022,48229,0.4182,508.48,0.122,284.14,60,2.892960463,2.482416218,0.986842105,2
Porites,136,45,IUI_N,Porites_45,20220713.22,AM,13_07_2022,48294,0.4408,458.52,0.112,188.14,60,2.892960463,2.482416218,0.986842105,2
Porites,137,45,IUI_N,Porites_45,20220713.23,AM,13_07_2022,48359,0.2736,858.28,0.368,202.86,60,2.892960463,2.482416218,0.986842105,2
Porites,138,45,IUI_N,Porites_45,20220713.23,AM,13_07_2022,48445,0.3864,594.02,0.128,285.12,60,2.892960463,2.482416218,0.986842105,2
Porites,139,45,IUI_N,Porites_45,20220713.24,AM,13_07_2022,48535,0.4122,551.72,0.098,353.22,60,2.892960463,2.482416218,0.986842105,2
Porites,141,45,IUI_N,Porites_45,20220713.25,AM,13_07_2022,48706,0.3912,558.48,0.086,189.14,60,2.892960463,2.482416218,0.986842105,2
Porites,151,25,IUI_N,Porites_25,20220713.3,AM,13_07_2022,50318,0.4402,541.62,0.162,177.14,156,8.223510807,5.121470781,2.769886364,4
Porites,153,25,IUI_N,Porites_25,20220713.31,AM,13_07_2022,50497,0.4346,548.64,0.156,146.58,156,8.223510807,5.121470781,2.769886364,4
Porites,154,25,IUI_N,Porites_25,20220713.32,AM,13_07_2022,50579,0.3826,624.34,0.196,155.24,156,8.223510807,5.121470781,2.769886364,4
Porites,156,25,IUI_N,Porites_25,20220713.33,AM,13_07_2022,50744,0.3032,755.54,0.32,173.92,156,8.223510807,5.121470781,2.769886364,4
Porites,157,25,IUI_N,Porites_25,20220713.33,AM,13_07_2022,50847,0.4198,615.76,0.168,156.18,156,8.223510807,5.121470781,2.769886364,4
Porites,165,45,JG,Porites_45,20220714.01,PM,14_07_2022,44632,0.4222,431.48,0.044,164.98,60,2.892960463,2.482416218,0.986842105,2
Porites,167,45,JG,Porites_45,20220714.02,PM,14_07_2022,44780,0.4678,441.18,0.148,109.44,60,2.892960463,2.482416218,0.986842105,2
Porites,168,45,JG,Porites_45,20220714.02,PM,14_07_2022,44833,0.4634,467.28,0.142,122.82,60,2.892960463,2.482416218,0.986842105,2
Porites,170,45,JG,Porites_45,20220714.03,PM,14_07_2022,44963,0.4472,458.32,0.136,126.44,60,2.892960463,2.482416218,0.986842105,2
Porites,174,45,JG,Porites_45,20220714.05,PM,14_07_2022,45265,0.3994,553.98,0.152,323.8,60,2.892960463,2.482416218,0.986842105,2
Porites,180,45,JG,Porites_45,20220714.08,PM,14_07_2022,45753,0.453,493.82,0.148,99.42,60,2.892960463,2.482416218,0.986842105,2
Porites,184,25,JG,Porites_25,20220714.1,PM,14_07_2022,46475,0.3764,387.8,0.128,164.08,156,8.223510807,5.121470781,2.769886364,4
Porites,189,25,JG,Porites_25,20220714.13,PM,14_07_2022,46962,0.4246,453.98,0.132,135.68,156,8.223510807,5.121470781,2.769886364,4
Porites,192,25,JG,Porites_25,20220714.14,PM,14_07_2022,47174,0.4164,542.58,0.164,189.68,156,8.223510807,5.121470781,2.769886364,4
Porites,193,25,JG,Porites_25,20220714.15,PM,14_07_2022,47271,0.3154,605.38,0.194,235.98,156,8.223510807,5.121470781,2.769886364,4
Porites,194,25,JG,Porites_25,20220714.15,PM,14_07_2022,47365,0.394,428.34,0.092,206.24,156,8.223510807,5.121470781,2.769886364,4
Porites,200,5,JG,Porites_5,20220714.18,PM,14_07_2022,48789,0.3504,418.86,0.18,212.18,6,0.601202405,0.336889388,0.106534091,1
Porites,205,5,JG,Porites_5,20220714.21,PM,14_07_2022,49534,0.3418,333.52,0.168,242.18,6,0.601202405,0.336889388,0.106534091,1
Porites,210,5,JG,Porites_5,20220714.23,PM,14_07_2022,50071,0.3506,416.58,0.088,339.98,6,0.601202405,0.336889388,0.106534091,1
Porites,211,5,JG,Porites_5,20220714.24,PM,14_07_2022,50164,0.3582,310.64,0.068,339.26,6,0.601202405,0.336889388,0.106534091,1
Porites,212,5,JG,Porites_5,20220714.24,PM,14_07_2022,50360,0.3558,553.96,0.188,226.4,6,0.601202405,0.336889388,0.106534091,1
Porites,215,35,JG,Porites_35,20220715.02,AM,15_07_2022,23358,0.4696,532.38,0.176,160.26,180,9.646302251,7.685738685,3.024193548,5
Porites,222,35,JG,Porites_35,20220715.05,AM,15_07_2022,23889,0.4366,557.1,0.2,177.24,180,9.646302251,7.685738685,3.024193548,5
Porites,223,35,JG,Porites_35,20220715.06,AM,15_07_2022,23959,0.4266,542.86,0.214,227.8,180,9.646302251,7.685738685,3.024193548,5
Porites,226,35,JG,Porites_35,20220715.07,AM,15_07_2022,24167,0.4376,609.82,0.25,118.42,180,9.646302251,7.685738685,3.024193548,5
Porites,227,35,JG,Porites_35,20220715.08,AM,15_07_2022,24248,0.4538,502.4,0.246,92.28,180,9.646302251,7.685738685,3.024193548,5
Porites,229,35,JG,Porites_35,20220715.09,AM,15_07_2022,24378,0.4678,489.24,0.22,138.94,180,9.646302251,7.685738685,3.024193548,5
Porites,242,15,JG,Porites_15,20220715.15,AM,15_07_2022,25903,0.3328,659.16,0.234,174.76,68,6.699507389,3.603603604,1.0625,3
Porites,243,15,JG,Porites_15,20220715.16,AM,15_07_2022,26035,0.3576,504.58,0.174,163.22,68,6.699507389,3.603603604,1.0625,3
Porites,244,15,JG,Porites_15,20220715.16,AM,15_07_2022,26177,0.3488,619.92,0.178,196.24,68,6.699507389,3.603603604,1.0625,3
Porites,245,15,JG,Porites_15,20220715.17,AM,15_07_2022,26301,0.403,509.3,0.154,216.56,68,6.699507389,3.603603604,1.0625,3
Porites,246,15,JG,Porites_15,20220715.17,AM,15_07_2022,26434,0.4396,554.08,0.184,215.58,68,6.699507389,3.603603604,1.0625,3
Stylophora,51,5,IUI_S,Stylophora_5,20220712.21,N,12_07_2022,37988,0.3848,420.42,0.164,235.58,132,13.22645291,7.411566536,2.34375,5
Stylophora,52,5,IUI_S,Stylophora_5,20220712.21,N,12_07_2022,38135,0.3982,442.26,0.136,217.1,132,13.22645291,7.411566536,2.34375,5
Stylophora,53,5,IUI_S,Stylophora_5,20220712.22,N,12_07_2022,38276,0.4606,484.42,0.164,197.52,132,13.22645291,7.411566536,2.34375,5
Stylophora,55,5,IUI_S,Stylophora_5,20220712.23,N,12_07_2022,38474,0.4434,592.98,0.174,202.92,132,13.22645291,7.411566536,2.34375,5
Stylophora,58,5,IUI_S,Stylophora_5,20220712.24,N,12_07_2022,38775,0.4008,460.88,0.166,202.5,132,13.22645291,7.411566536,2.34375,5
Stylophora,84,5,IUI_S,Stylophora_5,20220712.38,PM,12_07_2022,50946,0.4724,484.24,0.162,176.7,132,13.22645291,7.411566536,2.34375,5
Stylophora,85,5,IUI_S,Stylophora_5,20220712.38,PM,12_07_2022,51058,0.403,403.84,0.078,374.44,132,13.22645291,7.411566536,2.34375,5
Stylophora,86,5,IUI_S,Stylophora_5,20220712.39,PM,12_07_2022,51127,0.3558,318.18,0.214,216.1,132,13.22645291,7.411566536,2.34375,5
Stylophora,87,5,IUI_S,Stylophora_5,20220712.39,PM,12_07_2022,51225,0.3794,354.8,0.108,208.92,132,13.22645291,7.411566536,2.34375,5
Stylophora,88,5,IUI_S,Stylophora_5,20220712.4,PM,12_07_2022,51324,0.427285714,397.7142857,0.168571429,299.4285714,132,13.22645291,7.411566536,2.34375,5
Stylophora,119,5,IUI_N,Stylophora_5,20220713.13,N,13_07_2022,43846,0.4472,570.38,0.136,168.34,132,13.22645291,7.411566536,2.34375,5
Stylophora,120,5,IUI_N,Stylophora_5,20220713.14,N,13_07_2022,43924,0.4414,451.96,0.204,166.12,132,13.22645291,7.411566536,2.34375,5
Stylophora,121,5,IUI_N,Stylophora_5,20220713.14,N,13_07_2022,44035,0.3884,412.44,0.17,233.66,132,13.22645291,7.411566536,2.34375,5
Stylophora,122,5,IUI_N,Stylophora_5,20220713.15,N,13_07_2022,44152,0.4376,510.56,0.162,252.2,132,13.22645291,7.411566536,2.34375,5
Stylophora,123,5,IUI_N,Stylophora_5,20220713.15,N,13_07_2022,44239,0.4538,397.38,0.198,174.62,132,13.22645291,7.411566536,2.34375,5
Stylophora,203,5,JG,Stylophora_5,20220714.2,PM,14_07_2022,49304,0.3216,473.06,0.134,350.06,132,13.22645291,7.411566536,2.34375,5
Stylophora,206,5,JG,Stylophora_5,20220714.21,PM,14_07_2022,49648,0.4238,538.54,0.164,323.84,132,13.22645291,7.411566536,2.34375,5
Stylophora,207,5,JG,Stylophora_5,20220714.22,PM,14_07_2022,49724,0.4248,467.6,0.118,209.44,132,13.22645291,7.411566536,2.34375,5
Stylophora,208,5,JG,Stylophora_5,20220714.22,PM,14_07_2022,49880,0.4084,458.36,0.162,178.48,132,13.22645291,7.411566536,2.34375,5
Stylophora,209,5,JG,Stylophora_5,20220714.23,PM,14_07_2022,49976,0.3326,345.94,0.078,271.62,132,13.22645291,7.411566536,2.34375,5
Stylophora,69,15,IUI_S,Stylophora_15,20220712.3,PM,12_07_2022,49169,0.4492,331.74,0.192,136.62,129,12.70935961,6.836248013,2.015625,4
Stylophora,70,15,IUI_S,Stylophora_15,20220712.3,PM,12_07_2022,49262,0.413,358.08,0.148333333,179.7,129,12.70935961,6.836248013,2.015625,4
Stylophora,71,15,IUI_S,Stylophora_15,20220712.31,PM,12_07_2022,,0.4754,533.22,0.17,79.04,129,12.70935961,6.836248013,2.015625,4
Stylophora,78,15,IUI_S,Stylophora_15,20220712.34,PM,12_07_2022,50121,0.468,391.94,0.158,92.42,129,12.70935961,6.836248013,2.015625,4
Stylophora,79,15,IUI_S,Stylophora_15,20220712.35,PM,12_07_2022,50236,0.445666667,430.8666667,0.141666667,154.8666667,129,12.70935961,6.836248013,2.015625,4
Stylophora,109,15,IUI_N,Stylophora_15,20220713.08,N,13_07_2022,42746,0.4302,365.84,0.308,180.16,129,12.70935961,6.836248013,2.015625,4
Stylophora,110,15,IUI_N,Stylophora_15,20220713.09,N,13_07_2022,42840,0.406333333,338.9333333,0.23,149.5666667,129,12.70935961,6.836248013,2.015625,4
Stylophora,111,15,IUI_N,Stylophora_15,20220713.09,N,13_07_2022,42999,0.318,223.56,0.246,191.98,129,12.70935961,6.836248013,2.015625,4
Stylophora,112,15,IUI_N,Stylophora_15,20220713.1,N,13_07_2022,43072,0.3308,297,0.17,194.94,129,12.70935961,6.836248013,2.015625,4
Stylophora,113,15,IUI_N,Stylophora_15,20220713.1,N,13_07_2022,43176,0.4314,285.66,0.238,119.74,129,12.70935961,6.836248013,2.015625,4
Stylophora,233,15,JG,Stylophora_15,20220715.11,AM,15_07_2022,25038,0.5064,558.3,0.222,121.8,129,12.70935961,6.836248013,2.015625,4
Stylophora,236,15,JG,Stylophora_15,20220715.12,AM,15_07_2022,25301,0.506,453.52,0.162,143.94,129,12.70935961,6.836248013,2.015625,4
Stylophora,237,15,JG,Stylophora_15,20220715.13,AM,15_07_2022,25384,0.5264,469.34,0.204,128.82,129,12.70935961,6.836248013,2.015625,4
Stylophora,239,15,JG,Stylophora_15,20220715.14,AM,15_07_2022,25552,0.4984,455.48,0.194,95.44,129,12.70935961,6.836248013,2.015625,4
Stylophora,240,15,JG,Stylophora_15,20220715.14,AM,15_07_2022,25688,0.5136,507.56,0.222,156.32,129,12.70935961,6.836248013,2.015625,4
Stylophora,31,25,IUI_S,Stylophora_25,20220712.11,N,12_07_2022,34818,0.4434,368.88,0.104,126.92,70,3.6900369,2.298095863,1.242897727,3
Stylophora,32,25,IUI_S,Stylophora_25,20220712.11,N,12_07_2022,34927,0.4634,430.66,0.082,99.16,70,3.6900369,2.298095863,1.242897727,3
Stylophora,33,25,IUI_S,Stylophora_25,20220712.12,N,12_07_2022,35016,0.4508,434.24,0.122,175.12,70,3.6900369,2.298095863,1.242897727,3
Stylophora,34,25,IUI_S,Stylophora_25,20220712.12,N,12_07_2022,35082,0.4248,386.96,0.076,101.98,70,3.6900369,2.298095863,1.242897727,3
Stylophora,35,25,IUI_S,Stylophora_25,20220712.13,N,12_07_2022,35175,0.392,304.6,0.074,104.38,70,3.6900369,2.298095863,1.242897727,3
Stylophora,46,25,IUI_S,Stylophora_25,20220712.18,N,12_07_2022,36202,0.3974,293.92,0.152,123.46,70,3.6900369,2.298095863,1.242897727,3
Stylophora,152,25,IUI_N,Stylophora_25,20220713.31,AM,13_07_2022,50413,0.4824,402.96,0.102,110.74,70,3.6900369,2.298095863,1.242897727,3
Stylophora,155,25,IUI_N,Stylophora_25,20220713.32,AM,13_07_2022,50662,0.4872,406.14,0.128,80.88,70,3.6900369,2.298095863,1.242897727,3
Stylophora,159,25,IUI_N,Stylophora_25,20220713.34,AM,13_07_2022,51054,0.5198,381.66,0.118,74.6,70,3.6900369,2.298095863,1.242897727,3
Stylophora,160,25,IUI_N,Stylophora_25,20220713.35,AM,13_07_2022,51127,0.4794,395.2,0.2,93.78,70,3.6900369,2.298095863,1.242897727,3
Stylophora,161,25,IUI_N,Stylophora_25,20220713.35,AM,13_07_2022,51217,0.4886,425.68,0.108,125.28,70,3.6900369,2.298095863,1.242897727,3
Stylophora,183,25,JG,Stylophora_25,20220714.1,PM,14_07_2022,46389,0.4656,284.16,0.216,121.04,70,3.6900369,2.298095863,1.242897727,3
Stylophora,185,25,JG,Stylophora_25,20220714.11,PM,14_07_2022,46573,0.4504,304.16,0.114,141.26,70,3.6900369,2.298095863,1.242897727,3
Stylophora,188,25,JG,Stylophora_25,20220714.12,PM,14_07_2022,46836,0.4412,409.32,0.128,137.44,70,3.6900369,2.298095863,1.242897727,3
Stylophora,190,25,JG,Stylophora_25,20220714.13,PM,14_07_2022,47042,0.414,363.42,0.098,218.18,70,3.6900369,2.298095863,1.242897727,3
Stylophora,195,25,JG,Stylophora_25,20220714.16,PM,14_07_2022,47462,0.4666,425.5,0.126,154.38,70,3.6900369,2.298095863,1.242897727,3
Stylophora,66,35,IUI_S,Stylophora_35,20220712.28,PM,12_07_2022,48483,0.432,362.8428571,0.228571429,1120.8,69,3.697749196,2.946199829,1.159274194,2
Stylophora,67,35,IUI_S,Stylophora_35,20220712.29,PM,12_07_2022,48575,0.4758,404.94,0.202,82.2,69,3.697749196,2.946199829,1.159274194,2
Stylophora,68,35,IUI_S,Stylophora_35,20220712.29,PM,12_07_2022,48670,0.4654,355.46,0.17,94.78,69,3.697749196,2.946199829,1.159274194,2
Stylophora,99,35,IUI_N,Stylophora_35,20220713.03,N,13_07_2022,41408,0.483,325.18,0.223333333,91.71666667,69,3.697749196,2.946199829,1.159274194,2
Stylophora,100,35,IUI_N,Stylophora_35,20220713.04,N,13_07_2022,41483,0.4442,377.16,0.164,103.4,69,3.697749196,2.946199829,1.159274194,2
Stylophora,101,35,IUI_N,Stylophora_35,20220713.04,N,13_07_2022,41584,0.4458,346.74,0.238,96.16,69,3.697749196,2.946199829,1.159274194,2
Stylophora,102,35,IUI_N,Stylophora_35,20220713.05,N,13_07_2022,41698,0.465833333,323.1166667,0.161666667,115.8,69,3.697749196,2.946199829,1.159274194,2
Stylophora,103,35,IUI_N,Stylophora_35,20220713.05,N,13_07_2022,41808,0.499833333,360.1333333,0.213333333,96.85,69,3.697749196,2.946199829,1.159274194,2
Stylophora,213,35,JG,Stylophora_35,20220715.01,AM,15_07_2022,23216,0.542,379.32,0.036,81.38,69,3.697749196,2.946199829,1.159274194,2
Stylophora,214,35,JG,Stylophora_35,20220715.01,AM,15_07_2022,23287,0.5448,369.98,0.12,91.74,69,3.697749196,2.946199829,1.159274194,2
Stylophora,216,35,JG,Stylophora_35,20220715.02,AM,15_07_2022,23432,0.5264,447.26,0.156,97.98,69,3.697749196,2.946199829,1.159274194,2
Stylophora,219,35,JG,Stylophora_35,20220715.04,AM,15_07_2022,23654,0.5204,396.46,0.164,91.36,69,3.697749196,2.946199829,1.159274194,2
Stylophora,221,35,JG,Stylophora_35,20220715.05,AM,15_07_2022,23829,0.5454,410.16,0.136,81,69,3.697749196,2.946199829,1.159274194,2
Stylophora,228,35,JG,Stylophora_35,20220715.08,AM,15_07_2022,24321,0.5476,395.48,0.154,88.7,69,3.697749196,2.946199829,1.159274194,2
Stylophora,8,45,IUI_S,Stylophora_45,20220712.04,N,12_07_2022,33426,0.4788,423.66,0.172,91.72,39,1.880424301,1.613570542,0.641447368,1
Stylophora,9,45,IUI_S,Stylophora_45,20220712.05,N,12_07_2022,33497,0.5144,447.6,0.07,84.58,39,1.880424301,1.613570542,0.641447368,1
Stylophora,10,45,IUI_S,Stylophora_45,20220712.05,N,12_07_2022,33612,0.5222,311.06,0.286,110.52,39,1.880424301,1.613570542,0.641447368,1
Stylophora,11,45,IUI_S,Stylophora_45,20220712.06,N,12_07_2022,33700,0.4844,403.74,0.076,117.34,39,1.880424301,1.613570542,0.641447368,1
Stylophora,18,45,IUI_S,Stylophora_45,20220712.09,N,12_07_2022,34264,0.5218,383.06,0.176,104.2,39,1.880424301,1.613570542,0.641447368,1
Stylophora,19,45,IUI_S,Stylophora_45,20220712.1,N,12_07_2022,34341,0.5078,304.8,0.142,110.34,39,1.880424301,1.613570542,0.641447368,1
Stylophora,146,45,IUI_N,Stylophora_45,20220713.28,AM,13_07_2022,49337,0.522,408.16,0.08,75.92,39,1.880424301,1.613570542,0.641447368,1
Stylophora,147,45,IUI_N,Stylophora_45,20220713.28,AM,13_07_2022,49675,0.5354,399.66,0.09,72.36,39,1.880424301,1.613570542,0.641447368,1
Stylophora,148,45,IUI_N,Stylophora_45,20220713.29,AM,13_07_2022,49810,0.5148,418.66,0.094,73.92,39,1.880424301,1.613570542,0.641447368,1
Stylophora,149,45,IUI_N,Stylophora_45,20220713.29,AM,13_07_2022,49900,0.4538,488.68,0.036,176.22,39,1.880424301,1.613570542,0.641447368,1
Stylophora,150,45,IUI_N,Stylophora_45,20220713.3,AM,13_07_2022,49975,0.4736,528.48,0.114,75,39,1.880424301,1.613570542,0.641447368,1
Stylophora,169,45,JG,Stylophora_45,20220714.03,PM,14_07_2022,44894,0.5114,372.18,0.162,89.82,39,1.880424301,1.613570542,0.641447368,1
Stylophora,175,45,JG,Stylophora_45,20220714.06,PM,14_07_2022,45340,0.5044,445.28,0.168,88.58,39,1.880424301,1.613570542,0.641447368,1
Stylophora,177,45,JG,Stylophora_45,20220714.07,PM,14_07_2022,45491,0.5024,400.16,0.194,83.44,39,1.880424301,1.613570542,0.641447368,1
Stylophora,178,45,JG,Stylophora_45,20220714.07,PM,14_07_2022,45591,0.499,409.52,0.09,89.64,39,1.880424301,1.613570542,0.641447368,1
Stylophora,179,45,JG,Stylophora_45,20220714.08,PM,14_07_2022,45678,0.5248,366.12,0.154,89.06,39,1.880424301,1.613570542,0.641447368,1
Stylophora,182,45,JG,Stylophora_45,20220714.09,PM,14_07_2022,45958,0.4968,465.72,0.154,85.04,39,1.880424301,1.613570542,0.641447368,1
